model,event,method,ambiguity_prevalence,auroc,average_precision,brier,f1,threshold
hard,prolongation,event_entropy,0.2666666805744171,0.7396590909090909,0.47563914653791695,0.1799503117799759,0.5073529411764706,0.11900171637535095
hard,prolongation,train_ambiguity_prevalence,0.2666666805744171,0.5,0.26666666666666666,0.19657348096370697,0.42105263157894735,0.2985714375972748
hard,block,event_entropy,0.4099999964237213,0.6244086169675255,0.5386278109501377,0.2522646486759186,0.5870967741935483,0.3058812618255615
hard,block,train_ambiguity_prevalence,0.4099999964237213,0.5,0.41,0.24210405349731445,0.5815602836879432,0.39571428298950195
hard,sound_rep,event_entropy,0.1666666716337204,0.72536,0.35945349311721636,0.17256203293800354,0.38016528925619836,0.48351815342903137
hard,sound_rep,train_ambiguity_prevalence,0.1666666716337204,0.5,0.16666666666666666,0.13893656432628632,0.2857142857142857,0.1735714226961136
hard,word_rep,event_entropy,0.10999999940395355,0.6600839859266826,0.1671916961632764,0.21777822077274323,0.18604651162790697,0.6242089867591858
hard,word_rep,train_ambiguity_prevalence,0.10999999940395355,0.5,0.11,0.09791837632656097,0.1981981981981982,0.11428571492433548
hard,interjection,event_entropy,0.2199999988079071,0.652033152033152,0.28445782721851576,0.32239091396331787,0.39378238341968913,0.6556103229522705
hard,interjection,train_ambiguity_prevalence,0.2199999988079071,0.5,0.22,0.1718698889017105,0.36065573770491804,0.23642857372760773
soft,prolongation,event_entropy,0.2666666805744171,0.7661931818181817,0.519192703938031,0.2060483992099762,0.5128205128205128,0.4936477541923523
soft,prolongation,train_ambiguity_prevalence,0.2666666805744171,0.5,0.26666666666666666,0.19657348096370697,0.42105263157894735,0.2985714375972748
soft,block,event_entropy,0.4099999964237213,0.641311836847182,0.5457215356429882,0.27991342544555664,0.5859872611464968,0.5196310877799988
soft,block,train_ambiguity_prevalence,0.4099999964237213,0.5,0.41,0.24210405349731445,0.5815602836879432,0.39571428298950195
soft,sound_rep,event_entropy,0.1666666716337204,0.75856,0.3811428101560872,0.2141411304473877,0.41904761904761906,0.7108486890792847
soft,sound_rep,train_ambiguity_prevalence,0.1666666716337204,0.5,0.16666666666666666,0.13893656432628632,0.2857142857142857,0.1735714226961136
soft,word_rep,event_entropy,0.10999999940395355,0.676200204290092,0.172600017686073,0.29003021121025085,0.2733812949640288,0.6283793449401855
soft,word_rep,train_ambiguity_prevalence,0.10999999940395355,0.5,0.11,0.09791837632656097,0.1981981981981982,0.11428571492433548
soft,interjection,event_entropy,0.2199999988079071,0.6872571872571871,0.3727605967664167,0.352699875831604,0.451063829787234,0.5553098917007446
soft,interjection,train_ambiguity_prevalence,0.2199999988079071,0.5,0.22,0.1718698889017105,0.36065573770491804,0.23642857372760773
brier_ablation,prolongation,event_entropy,0.2666666805744171,0.7677840909090909,0.5279250090356556,0.2019064873456955,0.5151515151515151,0.48193424940109253
brier_ablation,prolongation,train_ambiguity_prevalence,0.2666666805744171,0.5,0.26666666666666666,0.19657348096370697,0.42105263157894735,0.2985714375972748
brier_ablation,block,event_entropy,0.4099999964237213,0.6412659041844655,0.5458776339203831,0.2806532382965088,0.5980707395498392,0.5258235931396484
brier_ablation,block,train_ambiguity_prevalence,0.4099999964237213,0.5,0.41,0.24210405349731445,0.5815602836879432,0.39571428298950195
brier_ablation,sound_rep,event_entropy,0.1666666716337204,0.7613599999999999,0.384301085312142,0.21231147646903992,0.41818181818181815,0.6891153454780579
brier_ablation,sound_rep,train_ambiguity_prevalence,0.1666666716337204,0.5,0.16666666666666666,0.13893656432628632,0.2857142857142857,0.1735714226961136
brier_ablation,word_rep,event_entropy,0.10999999940395355,0.6744977868573374,0.17043156672888643,0.29122960567474365,0.26666666666666666,0.6422186493873596
brier_ablation,word_rep,train_ambiguity_prevalence,0.10999999940395355,0.5,0.11,0.09791837632656097,0.1981981981981982,0.11428571492433548
brier_ablation,interjection,event_entropy,0.2199999988079071,0.6813649313649314,0.3531524789527556,0.35692811012268066,0.43410852713178294,0.4971764385700226
brier_ablation,interjection,train_ambiguity_prevalence,0.2199999988079071,0.5,0.22,0.1718698889017105,0.36065573770491804,0.23642857372760773
ambiguity_multitask,prolongation,event_entropy,0.2666666805744171,0.7622727272727272,0.5313059924788132,0.2084723711013794,0.5164319248826291,0.45670828223228455
ambiguity_multitask,prolongation,train_ambiguity_prevalence,0.2666666805744171,0.5,0.26666666666666666,0.19657348096370697,0.42105263157894735,0.2985714375972748
ambiguity_multitask,prolongation,ambiguity_head,0.2666666805744171,0.7687499999999999,0.4983302114637703,0.16665548086166382,0.5535714285714286,0.22711588442325592
ambiguity_multitask,block,event_entropy,0.4099999964237213,0.6473749483257544,0.5594705644229601,0.2898876965045929,0.5882352941176471,0.5198245048522949
ambiguity_multitask,block,train_ambiguity_prevalence,0.4099999964237213,0.5,0.41,0.24210405349731445,0.5815602836879432,0.39571428298950195
ambiguity_multitask,block,ambiguity_head,0.4099999964237213,0.6459969684442607,0.5591826846257075,0.22854289412498474,0.5919540229885057,0.2524948716163635
ambiguity_multitask,sound_rep,event_entropy,0.1666666716337204,0.75976,0.39756161772353804,0.21544168889522552,0.4065040650406504,0.6530196666717529
ambiguity_multitask,sound_rep,train_ambiguity_prevalence,0.1666666716337204,0.5,0.16666666666666666,0.13893656432628632,0.2857142857142857,0.1735714226961136
ambiguity_multitask,sound_rep,ambiguity_head,0.1666666716337204,0.7694400000000001,0.3860199174849544,0.12144594639539719,0.43636363636363634,0.2901042401790619
ambiguity_multitask,word_rep,event_entropy,0.10999999940395355,0.6695040290545908,0.16992273524858248,0.2955997586250305,0.23529411764705882,0.6795587539672852
ambiguity_multitask,word_rep,train_ambiguity_prevalence,0.10999999940395355,0.5,0.11,0.09791837632656097,0.1981981981981982,0.11428571492433548
ambiguity_multitask,word_rep,ambiguity_head,0.10999999940395355,0.655203722619453,0.19358232033612915,0.09743844717741013,0.2708333333333333,0.1986602395772934
ambiguity_multitask,interjection,event_entropy,0.2199999988079071,0.6781274281274281,0.3544377487558314,0.35695862770080566,0.4533333333333333,0.6080116629600525
ambiguity_multitask,interjection,train_ambiguity_prevalence,0.2199999988079071,0.5,0.22,0.1718698889017105,0.36065573770491804,0.23642857372760773
ambiguity_multitask,interjection,ambiguity_head,0.2199999988079071,0.6838254338254338,0.355865783641936,0.15967465937137604,0.4588744588744589,0.19368022680282593
