seed,model,threshold_policy,event,hard_brier,soft_brier,hard_ece,soft_ece
42,hard,fixed_0.5,prolongation,0.06512124091386795,0.04753150790929794,0.025566366265217463,0.0721214683353901
42,hard,fixed_0.5,block,0.09123013913631439,0.06443847715854645,0.04259220502028863,0.09230108509461085
42,hard,fixed_0.5,sound_rep,0.0724799633026123,0.054232414811849594,0.031804732829332355,0.041116732830802596
42,hard,fixed_0.5,word_rep,0.08975987881422043,0.06836151331663132,0.03183088585734367,0.03516422236959139
42,hard,fixed_0.5,interjection,0.11604798585176468,0.08747996389865875,0.04595336635907492,0.05858793072402478
42,hard,validation_tuned,prolongation,0.06512124091386795,0.04753150790929794,0.025566366265217463,0.0721214683353901
42,hard,validation_tuned,block,0.09123013913631439,0.06443847715854645,0.04259220502028863,0.09230108509461085
42,hard,validation_tuned,sound_rep,0.0724799633026123,0.054232414811849594,0.031804732829332355,0.041116732830802596
42,hard,validation_tuned,word_rep,0.08975987881422043,0.06836151331663132,0.03183088585734367,0.03516422236959139
42,hard,validation_tuned,interjection,0.11604798585176468,0.08747996389865875,0.04595336635907492,0.05858793072402478
42,soft,fixed_0.5,prolongation,0.06572399288415909,0.040034543722867966,0.049307683371007445,0.02136484807978074
42,soft,fixed_0.5,block,0.10013897716999054,0.05977341905236244,0.07445478127648432,0.042089136665066085
42,soft,fixed_0.5,sound_rep,0.06923436373472214,0.049802016466856,0.03497049165268739,0.014536725667615732
42,soft,fixed_0.5,word_rep,0.08982086181640625,0.06822271645069122,0.03918984305113554,0.033634285951654116
42,soft,fixed_0.5,interjection,0.11658783257007599,0.08563906699419022,0.07808812425782281,0.052711721770465375
42,soft,validation_tuned,prolongation,0.06572399288415909,0.040034543722867966,0.049307683371007445,0.02136484807978074
42,soft,validation_tuned,block,0.10013897716999054,0.05977341905236244,0.07445478127648432,0.042089136665066085
42,soft,validation_tuned,sound_rep,0.06923436373472214,0.049802016466856,0.03497049165268739,0.014536725667615732
42,soft,validation_tuned,word_rep,0.08982086181640625,0.06822271645069122,0.03918984305113554,0.033634285951654116
42,soft,validation_tuned,interjection,0.11658783257007599,0.08563906699419022,0.07808812425782281,0.052711721770465375
42,brier_ablation,fixed_0.5,prolongation,0.06608664244413376,0.04036983475089073,0.04543564112236102,0.020857774851222834
42,brier_ablation,fixed_0.5,block,0.09997473657131195,0.05969935655593872,0.07893186022837957,0.047203354835510254
42,brier_ablation,fixed_0.5,sound_rep,0.06925517320632935,0.04977867752313614,0.03377225739260515,0.011645321622490882
42,brier_ablation,fixed_0.5,word_rep,0.08995464444160461,0.068273164331913,0.043025801082452145,0.03429082520306111
42,brier_ablation,fixed_0.5,interjection,0.11744885891675949,0.0864609107375145,0.07736509293317796,0.054439220229784646
42,brier_ablation,validation_tuned,prolongation,0.06608664244413376,0.04036983475089073,0.04543564112236102,0.020857774851222834
42,brier_ablation,validation_tuned,block,0.09997473657131195,0.05969935655593872,0.07893186022837957,0.047203354835510254
42,brier_ablation,validation_tuned,sound_rep,0.06925517320632935,0.04977867752313614,0.03377225739260515,0.011645321622490882
42,brier_ablation,validation_tuned,word_rep,0.08995464444160461,0.068273164331913,0.043025801082452145,0.03429082520306111
42,brier_ablation,validation_tuned,interjection,0.11744885891675949,0.0864609107375145,0.07736509293317796,0.054439220229784646
42,ambiguity_multitask,fixed_0.5,prolongation,0.0667831301689148,0.040426284074783325,0.050465116910636425,0.02743062933286031
42,ambiguity_multitask,fixed_0.5,block,0.10385346412658691,0.06064743548631668,0.08259969900051753,0.0337503319978714
42,ambiguity_multitask,fixed_0.5,sound_rep,0.07008135318756104,0.050012294203042984,0.038780367374420165,0.019451165397961937
42,ambiguity_multitask,fixed_0.5,word_rep,0.09010326862335205,0.06859327107667923,0.04039730047186216,0.03484174460172654
42,ambiguity_multitask,fixed_0.5,interjection,0.11666078865528107,0.08579682558774948,0.07869325151046117,0.06091547230879466
42,ambiguity_multitask,validation_tuned,prolongation,0.0667831301689148,0.040426284074783325,0.050465116910636425,0.02743062933286031
42,ambiguity_multitask,validation_tuned,block,0.10385346412658691,0.06064743548631668,0.08259969900051753,0.0337503319978714
42,ambiguity_multitask,validation_tuned,sound_rep,0.07008135318756104,0.050012294203042984,0.038780367374420165,0.019451165397961937
42,ambiguity_multitask,validation_tuned,word_rep,0.09010326862335205,0.06859327107667923,0.04039730047186216,0.03484174460172654
42,ambiguity_multitask,validation_tuned,interjection,0.11666078865528107,0.08579682558774948,0.07869325151046117,0.06091547230879466
