seed,model,threshold_policy,event,threshold,precision,recall,f1,support,auroc,average_precision,hard_brier,soft_brier,hard_ece,soft_ece,tp,tn,fp,fn,specificity,npv,false_positive_rate,false_negative_rate
42,hard,fixed_0.5,prolongation,0.5,0.4444444444444444,0.15384615384615385,0.22857142857142856,26,0.8496631106120157,0.41125321037981794,0.06512124091386795,0.04753150790929794,0.025566366265217463,0.0721214683353901,4,269,5,22,0.9817518248175182,0.9243986254295533,0.01824817518248175,0.8461538461538461
42,hard,fixed_0.5,block,0.5,0.3333333333333333,0.030303030303030304,0.05555555555555555,33,0.7288616502099649,0.28203400777665627,0.09123013913631439,0.06443847715854645,0.04259220502028863,0.09230108509461085,1,265,2,32,0.9925093632958801,0.8922558922558923,0.00749063670411985,0.9696969696969697
42,hard,fixed_0.5,sound_rep,0.5,0.6666666666666666,0.13793103448275862,0.22857142857142856,29,0.823641684692709,0.40248260725132234,0.0724799633026123,0.054232414811849594,0.031804732829332355,0.041116732830802596,4,269,2,25,0.992619926199262,0.9149659863945578,0.007380073800738007,0.8620689655172413
42,hard,fixed_0.5,word_rep,0.5,0.4,0.0625,0.10810810810810811,32,0.7309934701492538,0.27718939862355985,0.08975987881422043,0.06836151331663132,0.03183088585734367,0.03516422236959139,2,265,3,30,0.9888059701492538,0.8983050847457628,0.011194029850746268,0.9375
42,hard,fixed_0.5,interjection,0.5,0.6461538461538462,0.6268656716417911,0.6363636363636364,67,0.8645826660687976,0.6831453503693568,0.11604798585176468,0.08747996389865875,0.04595336635907492,0.05858793072402478,42,210,23,25,0.9012875536480687,0.8936170212765957,0.09871244635193133,0.373134328358209
42,hard,validation_tuned,prolongation,0.31337693333625793,0.47058823529411764,0.3076923076923077,0.37209302325581395,26,0.8496631106120157,0.41125321037981794,0.06512124091386795,0.04753150790929794,0.025566366265217463,0.0721214683353901,8,265,9,18,0.9671532846715328,0.9363957597173145,0.032846715328467155,0.6923076923076923
42,hard,validation_tuned,block,0.12895485758781433,0.23157894736842105,0.6666666666666666,0.34375,33,0.7288616502099649,0.28203400777665627,0.09123013913631439,0.06443847715854645,0.04259220502028863,0.09230108509461085,22,194,73,11,0.7265917602996255,0.9463414634146341,0.27340823970037453,0.3333333333333333
42,hard,validation_tuned,sound_rep,0.22128182649612427,0.4642857142857143,0.4482758620689655,0.45614035087719296,29,0.823641684692709,0.40248260725132234,0.0724799633026123,0.054232414811849594,0.031804732829332355,0.041116732830802596,13,256,15,16,0.9446494464944649,0.9411764705882353,0.055350553505535055,0.5517241379310345
42,hard,validation_tuned,word_rep,0.13846182823181152,0.19444444444444445,0.4375,0.2692307692307692,32,0.7309934701492538,0.27718939862355985,0.08975987881422043,0.06836151331663132,0.03183088585734367,0.03516422236959139,14,210,58,18,0.7835820895522388,0.9210526315789473,0.21641791044776118,0.5625
42,hard,validation_tuned,interjection,0.34625473618507385,0.5368421052631579,0.7611940298507462,0.6296296296296297,67,0.8645826660687976,0.6831453503693568,0.11604798585176468,0.08747996389865875,0.04595336635907492,0.05858793072402478,51,189,44,16,0.8111587982832618,0.9219512195121952,0.1888412017167382,0.23880597014925373
42,soft,fixed_0.5,prolongation,0.5,0.5,0.15384615384615385,0.23529411764705882,26,0.844329028635598,0.4201559484132027,0.06572399288415909,0.040034543722867966,0.049307683371007445,0.02136484807978074,4,270,4,22,0.9854014598540146,0.9246575342465754,0.014598540145985401,0.8461538461538461
42,soft,fixed_0.5,block,0.5,0.25,0.030303030303030304,0.05405405405405406,33,0.7006015208262399,0.22757342057269042,0.10013897716999054,0.05977341905236244,0.07445478127648432,0.042089136665066085,1,264,3,32,0.9887640449438202,0.8918918918918919,0.011235955056179775,0.9696969696969697
42,soft,fixed_0.5,sound_rep,0.5,0.6666666666666666,0.13793103448275862,0.22857142857142856,29,0.8445094795775544,0.4667087143808448,0.06923436373472214,0.049802016466856,0.03497049165268739,0.014536725667615732,4,269,2,25,0.992619926199262,0.9149659863945578,0.007380073800738007,0.8620689655172413
42,soft,fixed_0.5,word_rep,0.5,0.5555555555555556,0.15625,0.24390243902439024,32,0.750116604477612,0.3031418836490069,0.08982086181640625,0.06822271645069122,0.03918984305113554,0.033634285951654116,5,264,4,27,0.9850746268656716,0.9072164948453608,0.014925373134328358,0.84375
42,soft,fixed_0.5,interjection,0.5,0.7659574468085106,0.5373134328358209,0.631578947368421,67,0.8645186086733713,0.6890033713884185,0.11658783257007599,0.08563906699419022,0.07808812425782281,0.052711721770465375,36,222,11,31,0.9527896995708155,0.8774703557312253,0.04721030042918455,0.4626865671641791
42,soft,validation_tuned,prolongation,0.264211505651474,0.40540540540540543,0.5769230769230769,0.47619047619047616,26,0.844329028635598,0.4201559484132027,0.06572399288415909,0.040034543722867966,0.049307683371007445,0.02136484807978074,15,252,22,11,0.9197080291970803,0.9581749049429658,0.08029197080291971,0.4230769230769231
42,soft,validation_tuned,block,0.250714510679245,0.1935483870967742,0.36363636363636365,0.25263157894736843,33,0.7006015208262399,0.22757342057269042,0.10013897716999054,0.05977341905236244,0.07445478127648432,0.042089136665066085,12,217,50,21,0.8127340823970037,0.9117647058823529,0.18726591760299627,0.6363636363636364
42,soft,validation_tuned,sound_rep,0.24540211260318756,0.40540540540540543,0.5172413793103449,0.45454545454545453,29,0.8445094795775544,0.4667087143808448,0.06923436373472214,0.049802016466856,0.03497049165268739,0.014536725667615732,15,249,22,14,0.9188191881918819,0.9467680608365019,0.08118081180811808,0.4827586206896552
42,soft,validation_tuned,word_rep,0.3926973044872284,0.3157894736842105,0.1875,0.23529411764705882,32,0.750116604477612,0.3031418836490069,0.08982086181640625,0.06822271645069122,0.03918984305113554,0.033634285951654116,6,255,13,26,0.9514925373134329,0.9074733096085409,0.048507462686567165,0.8125
42,soft,validation_tuned,interjection,0.3136884570121765,0.5,0.7164179104477612,0.588957055214724,67,0.8645186086733713,0.6890033713884185,0.11658783257007599,0.08563906699419022,0.07808812425782281,0.052711721770465375,48,185,48,19,0.7939914163090128,0.9068627450980392,0.20600858369098712,0.2835820895522388
42,brier_ablation,fixed_0.5,prolongation,0.5,0.42857142857142855,0.11538461538461539,0.18181818181818182,26,0.8425042111173497,0.4169837792093307,0.06608664244413376,0.04036983475089073,0.04543564112236102,0.020857774851222834,3,270,4,23,0.9854014598540146,0.9215017064846417,0.014598540145985401,0.8846153846153846
42,brier_ablation,fixed_0.5,block,0.5,0.25,0.030303030303030304,0.05405405405405406,33,0.7054817841334695,0.2285475425281382,0.09997473657131195,0.05969935655593872,0.07893186022837957,0.047203354835510254,1,264,3,32,0.9887640449438202,0.8918918918918919,0.011235955056179775,0.9696969696969697
42,brier_ablation,fixed_0.5,sound_rep,0.5,0.6666666666666666,0.13793103448275862,0.22857142857142856,29,0.8418373838910804,0.46899678252236915,0.06925517320632935,0.04977867752313614,0.03377225739260515,0.011645321622490882,4,269,2,25,0.992619926199262,0.9149659863945578,0.007380073800738007,0.8620689655172413
42,brier_ablation,fixed_0.5,word_rep,0.5,0.5714285714285714,0.125,0.20512820512820512,32,0.7502332089552238,0.30445341494303413,0.08995464444160461,0.068273164331913,0.043025801082452145,0.03429082520306111,4,265,3,28,0.9888059701492538,0.9044368600682594,0.011194029850746268,0.875
42,brier_ablation,fixed_0.5,interjection,0.5,0.7708333333333334,0.5522388059701493,0.6434782608695652,67,0.8623406572288771,0.6824146377525396,0.11744885891675949,0.0864609107375145,0.07736509293317796,0.054439220229784646,37,222,11,30,0.9527896995708155,0.8809523809523809,0.04721030042918455,0.44776119402985076
42,brier_ablation,validation_tuned,prolongation,0.26539817452430725,0.3939393939393939,0.5,0.4406779661016949,26,0.8425042111173497,0.4169837792093307,0.06608664244413376,0.04036983475089073,0.04543564112236102,0.020857774851222834,13,254,20,13,0.927007299270073,0.951310861423221,0.072992700729927,0.5
42,brier_ablation,validation_tuned,block,0.25037333369255066,0.22727272727272727,0.45454545454545453,0.30303030303030304,33,0.7054817841334695,0.2285475425281382,0.09997473657131195,0.05969935655593872,0.07893186022837957,0.047203354835510254,15,216,51,18,0.8089887640449438,0.9230769230769231,0.19101123595505617,0.5454545454545454
42,brier_ablation,validation_tuned,sound_rep,0.2546175718307495,0.40540540540540543,0.5172413793103449,0.45454545454545453,29,0.8418373838910804,0.46899678252236915,0.06925517320632935,0.04977867752313614,0.03377225739260515,0.011645321622490882,15,249,22,14,0.9188191881918819,0.9467680608365019,0.08118081180811808,0.4827586206896552
42,brier_ablation,validation_tuned,word_rep,0.400504469871521,0.3157894736842105,0.1875,0.23529411764705882,32,0.7502332089552238,0.30445341494303413,0.08995464444160461,0.068273164331913,0.043025801082452145,0.03429082520306111,6,255,13,26,0.9514925373134329,0.9074733096085409,0.048507462686567165,0.8125
42,brier_ablation,validation_tuned,interjection,0.31719934940338135,0.4897959183673469,0.7164179104477612,0.5818181818181818,67,0.8623406572288771,0.6824146377525396,0.11744885891675949,0.0864609107375145,0.07736509293317796,0.054439220229784646,48,183,50,19,0.7854077253218884,0.905940594059406,0.2145922746781116,0.2835820895522388
42,ambiguity_multitask,fixed_0.5,prolongation,0.5,0.375,0.11538461538461539,0.17647058823529413,26,0.8433464345873105,0.4054419292294428,0.0667831301689148,0.040426284074783325,0.050465116910636425,0.02743062933286031,3,269,5,23,0.9817518248175182,0.9212328767123288,0.01824817518248175,0.8846153846153846
42,ambiguity_multitask,fixed_0.5,block,0.5,0.125,0.030303030303030304,0.04878048780487805,33,0.693451367608671,0.22085271329454687,0.10385346412658691,0.06064743548631668,0.08259969900051753,0.0337503319978714,1,260,7,32,0.9737827715355806,0.8904109589041096,0.026217228464419477,0.9696969696969697
42,ambiguity_multitask,fixed_0.5,sound_rep,0.5,0.625,0.1724137931034483,0.2702702702702703,29,0.8333121262247105,0.46336744453916673,0.07008135318756104,0.050012294203042984,0.038780367374420165,0.019451165397961937,5,268,3,24,0.988929889298893,0.9178082191780822,0.01107011070110701,0.8275862068965517
42,ambiguity_multitask,fixed_0.5,word_rep,0.5,0.4,0.0625,0.10810810810810811,32,0.7403218283582089,0.2938320489298646,0.09010326862335205,0.06859327107667923,0.04039730047186216,0.03484174460172654,2,265,3,30,0.9888059701492538,0.8983050847457628,0.011194029850746268,0.9375
42,ambiguity_multitask,fixed_0.5,interjection,0.5,0.76,0.5671641791044776,0.6495726495726496,67,0.8650310678367817,0.685969380717625,0.11666078865528107,0.08579682558774948,0.07869325151046117,0.06091547230879466,38,221,12,29,0.9484978540772532,0.884,0.05150214592274678,0.43283582089552236
42,ambiguity_multitask,validation_tuned,prolongation,0.2500642240047455,0.3488372093023256,0.5769230769230769,0.43478260869565216,26,0.8433464345873105,0.4054419292294428,0.0667831301689148,0.040426284074783325,0.050465116910636425,0.02743062933286031,15,246,28,11,0.8978102189781022,0.9571984435797666,0.10218978102189781,0.4230769230769231
42,ambiguity_multitask,validation_tuned,block,0.2577688694000244,0.21333333333333335,0.48484848484848486,0.2962962962962963,33,0.693451367608671,0.22085271329454687,0.10385346412658691,0.06064743548631668,0.08259969900051753,0.0337503319978714,16,208,59,17,0.7790262172284644,0.9244444444444444,0.2209737827715356,0.5151515151515151
42,ambiguity_multitask,validation_tuned,sound_rep,0.25349608063697815,0.4117647058823529,0.4827586206896552,0.4444444444444444,29,0.8333121262247105,0.46336744453916673,0.07008135318756104,0.050012294203042984,0.038780367374420165,0.019451165397961937,14,251,20,15,0.9261992619926199,0.943609022556391,0.07380073800738007,0.5172413793103449
42,ambiguity_multitask,validation_tuned,word_rep,0.38122883439064026,0.3684210526315789,0.21875,0.27450980392156865,32,0.7403218283582089,0.2938320489298646,0.09010326862335205,0.06859327107667923,0.04039730047186216,0.03484174460172654,7,256,12,25,0.9552238805970149,0.9110320284697508,0.04477611940298507,0.78125
42,ambiguity_multitask,validation_tuned,interjection,0.31412965059280396,0.494949494949495,0.7313432835820896,0.5903614457831325,67,0.8650310678367817,0.685969380717625,0.11666078865528107,0.08579682558774948,0.07869325151046117,0.06091547230879466,49,183,50,18,0.7854077253218884,0.9104477611940298,0.2145922746781116,0.26865671641791045
