seed,model,event,policy,threshold
42,hard,prolongation,fixed_0.5,0.5
42,hard,block,fixed_0.5,0.5
42,hard,sound_rep,fixed_0.5,0.5
42,hard,word_rep,fixed_0.5,0.5
42,hard,interjection,fixed_0.5,0.5
42,hard,prolongation,validation_tuned,0.31337693333625793
42,hard,block,validation_tuned,0.12895485758781433
42,hard,sound_rep,validation_tuned,0.22128182649612427
42,hard,word_rep,validation_tuned,0.13846182823181152
42,hard,interjection,validation_tuned,0.34625473618507385
42,soft,prolongation,fixed_0.5,0.5
42,soft,block,fixed_0.5,0.5
42,soft,sound_rep,fixed_0.5,0.5
42,soft,word_rep,fixed_0.5,0.5
42,soft,interjection,fixed_0.5,0.5
42,soft,prolongation,validation_tuned,0.264211505651474
42,soft,block,validation_tuned,0.250714510679245
42,soft,sound_rep,validation_tuned,0.24540211260318756
42,soft,word_rep,validation_tuned,0.3926973044872284
42,soft,interjection,validation_tuned,0.3136884570121765
42,brier_ablation,prolongation,fixed_0.5,0.5
42,brier_ablation,block,fixed_0.5,0.5
42,brier_ablation,sound_rep,fixed_0.5,0.5
42,brier_ablation,word_rep,fixed_0.5,0.5
42,brier_ablation,interjection,fixed_0.5,0.5
42,brier_ablation,prolongation,validation_tuned,0.26539817452430725
42,brier_ablation,block,validation_tuned,0.25037333369255066
42,brier_ablation,sound_rep,validation_tuned,0.2546175718307495
42,brier_ablation,word_rep,validation_tuned,0.400504469871521
42,brier_ablation,interjection,validation_tuned,0.31719934940338135
42,ambiguity_multitask,prolongation,fixed_0.5,0.5
42,ambiguity_multitask,block,fixed_0.5,0.5
42,ambiguity_multitask,sound_rep,fixed_0.5,0.5
42,ambiguity_multitask,word_rep,fixed_0.5,0.5
42,ambiguity_multitask,interjection,fixed_0.5,0.5
42,ambiguity_multitask,prolongation,validation_tuned,0.2500642240047455
42,ambiguity_multitask,block,validation_tuned,0.2577688694000244
42,ambiguity_multitask,sound_rep,validation_tuned,0.25349608063697815
42,ambiguity_multitask,word_rep,validation_tuned,0.38122883439064026
42,ambiguity_multitask,interjection,validation_tuned,0.31412965059280396
