model,event,event_prevalence_train,ambiguity_prevalence_test,entropy_ambiguity_spearman
hard,prolongation,0.1007142886519432,0.2666666805744171,0.3671318160374326
hard,block,0.12928570806980133,0.4099999964237213,0.21196367082005835
hard,sound_rep,0.08214285969734192,0.1666666716337204,0.2909401253056204
hard,word_rep,0.10642857104539871,0.10999999940395355,0.17351310077311705
hard,interjection,0.24642856419086456,0.2199999988079071,0.21816746087777714
soft,prolongation,0.1007142886519432,0.2666666805744171,0.40777917452237356
soft,block,0.12928570806980133,0.4099999964237213,0.24076286995676924
soft,sound_rep,0.08214285969734192,0.1666666716337204,0.33380137912238744
soft,word_rep,0.10642857104539871,0.10999999940395355,0.19098127539898205
soft,interjection,0.24642856419086456,0.2199999988079071,0.26871392540823313
brier_ablation,prolongation,0.1007142886519432,0.2666666805744171,0.4102162752452394
brier_ablation,block,0.12928570806980133,0.4099999964237213,0.2406846112634629
brier_ablation,sound_rep,0.08214285969734192,0.1666666716337204,0.3374161836611509
brier_ablation,word_rep,0.10642857104539871,0.10999999940395355,0.18913604568498224
brier_ablation,interjection,0.24642856419086456,0.2199999988079071,0.2602585425547929
ambiguity_multitask,prolongation,0.1007142886519432,0.2666666805744171,0.40177346202673997
ambiguity_multitask,block,0.12928570806980133,0.4099999964237213,0.2510930174731981
ambiguity_multitask,sound_rep,0.08214285969734192,0.1666666716337204,0.33535058106757176
ambiguity_multitask,word_rep,0.10642857104539871,0.10999999940395355,0.18372337185724943
ambiguity_multitask,interjection,0.24642856419086456,0.2199999988079071,0.2556127278001554
