model,ambiguous_target_fraction,mean_prediction_entropy,n_clips
hard,0.0,0.4362240135669708,81
hard,0.2,0.4803983271121979,108
hard,0.4,0.5250831246376038,69
hard,0.6,0.5902917981147766,35
hard,0.8,0.5692806839942932,7
soft,0.0,0.4336012303829193,81
soft,0.2,0.49017345905303955,108
soft,0.4,0.5329793691635132,69
soft,0.6,0.6059426069259644,35
soft,0.8,0.5924677848815918,7
calibrated,0.0,0.4365943670272827,81
calibrated,0.2,0.49296995997428894,108
calibrated,0.4,0.5351003408432007,69
calibrated,0.6,0.6065528392791748,35
calibrated,0.8,0.5897349119186401,7
