model,event,precision,recall,f1,support,auroc,average_precision
hard,prolongation,1.0,0.038461538461538464,0.07407407407407407,26,0.8253790005614824,0.3795194747664002
hard,block,0.0,0.0,0.0,36,0.6946548821548821,0.2206593891598619
hard,sound_rep,1.0,0.045454545454545456,0.08695652173913043,22,0.8090255068672335,0.3190849966253792
hard,word_rep,0.5,0.022222222222222223,0.0425531914893617,45,0.8169934640522876,0.5052613292755392
hard,interjection,0.8775510204081632,0.6142857142857143,0.7226890756302521,70,0.8993167701863354,0.8109581394063896
soft,prolongation,0.42857142857142855,0.11538461538461539,0.18181818181818182,26,0.8622964626614262,0.46331230019836056
soft,block,1.0,0.027777777777777776,0.05405405405405406,36,0.7186447811447811,0.26896267526227124
soft,sound_rep,1.0,0.045454545454545456,0.08695652173913043,22,0.8189993459777632,0.4172352117084614
soft,word_rep,0.75,0.2,0.3157894736842105,45,0.8329411764705882,0.5326064681762096
soft,interjection,0.851063829787234,0.5714285714285714,0.6837606837606838,70,0.9075776397515528,0.8049857608296195
calibrated,prolongation,0.42857142857142855,0.11538461538461539,0.18181818181818182,26,0.8607523862998316,0.46726488178484604
calibrated,block,1.0,0.027777777777777776,0.05405405405405406,36,0.7183291245791246,0.28658855897769764
calibrated,sound_rep,1.0,0.045454545454545456,0.08695652173913043,22,0.8203073904512753,0.42143150396855517
calibrated,word_rep,0.7692307692307693,0.2222222222222222,0.3448275862068966,45,0.8362527233115468,0.537753231291345
calibrated,interjection,0.8367346938775511,0.5857142857142857,0.6890756302521008,70,0.9077018633540372,0.8063394416197411
