model,subgroup,n_clips,macro_f1,hamming_error,soft_brier
hard,all,300,0.41416875459868113,0.18533333333333332,0.06440877914428711
hard,clean_all_flags,139,0.43294591484464906,0.1985611510791367,0.08156167715787888
hard,unsure_clear,293,0.42195181557087735,0.18293515358361775,0.06446955353021622
hard,unsure_flagged,7,0.13333333333333333,0.2857142857142857,0.06186472997069359
hard,poor_audio_quality_clear,270,0.4339588394689521,0.1814814814814815,0.06574591994285583
hard,poor_audio_quality_flagged,30,0.2533333333333333,0.22,0.05237441882491112
hard,no_speech_clear,286,0.41391390546184076,0.1853146853146853,0.06594804674386978
hard,no_speech_flagged,14,0.36,0.18571428571428572,0.032963596284389496
hard,difficult_to_understand_clear,251,0.40119711042311657,0.17290836653386454,0.06295556575059891
hard,difficult_to_understand_flagged,49,0.41743357075164855,0.24897959183673468,0.07185277342796326
hard,natural_pause_clear,191,0.4393550376125293,0.20418848167539266,0.07619170844554901
hard,natural_pause_flagged,109,0.25492831541218636,0.15229357798165138,0.043761614710092545
hard,music_clear,296,0.4147100931813584,0.18716216216216217,0.06504246592521667
hard,music_flagged,4,0.0,0.05,0.017515946179628372
soft,all,300,0.4015237365090164,0.164,0.06069435551762581
soft,clean_all_flags,139,0.42704068549269786,0.17553956834532375,0.0740695670247078
soft,unsure_clear,293,0.4042110560384941,0.16177474402730374,0.060856837779283524
soft,unsure_flagged,7,0.26666666666666666,0.2571428571428571,0.053893156349658966
soft,poor_audio_quality_clear,270,0.41079242032730406,0.16,0.06160208210349083
soft,poor_audio_quality_flagged,30,0.30434782608695654,0.2,0.052524812519550323
soft,no_speech_clear,286,0.4010536613786555,0.16503496503496504,0.06156070530414581
soft,no_speech_flagged,14,0.32,0.14285714285714285,0.042996082454919815
soft,difficult_to_understand_clear,251,0.3887292055725594,0.15139442231075698,0.059502195566892624
soft,difficult_to_understand_flagged,49,0.4143963862224732,0.22857142857142856,0.06680110841989517
soft,natural_pause_clear,191,0.4210206715654226,0.18429319371727748,0.0703347697854042
soft,natural_pause_flagged,109,0.256961861667744,0.12844036697247707,0.043801505118608475
soft,music_clear,296,0.4015237365090164,0.1662162162162162,0.0613088458776474
soft,music_flagged,4,0.0,0.0,0.015221948735415936
brier_ablation,all,300,0.4030732046285387,0.164,0.06091638654470444
brier_ablation,clean_all_flags,139,0.42177442764174355,0.17697841726618704,0.07433799654245377
brier_ablation,unsure_clear,293,0.4055991962002192,0.16177474402730374,0.06107945740222931
brier_ablation,unsure_flagged,7,0.26666666666666666,0.2571428571428571,0.05409087985754013
brier_ablation,poor_audio_quality_clear,270,0.4118654147104851,0.16,0.061836156994104385
brier_ablation,poor_audio_quality_flagged,30,0.30434782608695654,0.2,0.0526384562253952
brier_ablation,no_speech_clear,286,0.4030489243764527,0.16503496503496504,0.061788544058799744
brier_ablation,no_speech_flagged,14,0.32,0.14285714285714285,0.0430995412170887
brier_ablation,difficult_to_understand_clear,251,0.38279325296013356,0.15219123505976095,0.05974704772233963
brier_ablation,difficult_to_understand_flagged,49,0.42608869391478077,0.22448979591836735,0.06690625846385956
brier_ablation,natural_pause_clear,191,0.4182607871028924,0.18534031413612564,0.07060640305280685
brier_ablation,natural_pause_flagged,109,0.32376493072145246,0.12660550458715597,0.043936632573604584
brier_ablation,music_clear,296,0.4030732046285387,0.1662162162162162,0.06153448298573494
brier_ablation,music_flagged,4,0.0,0.0,0.01517717819660902
ambiguity_multitask,all,300,0.4080789198282188,0.17,0.0610952265560627
ambiguity_multitask,clean_all_flags,139,0.43766388597919326,0.18129496402877698,0.07443461567163467
ambiguity_multitask,unsure_clear,293,0.40968423578516794,0.16860068259385666,0.061224259436130524
ambiguity_multitask,unsure_flagged,7,0.26666666666666666,0.22857142857142856,0.05569420009851456
ambiguity_multitask,poor_audio_quality_clear,270,0.41617460401797046,0.1674074074074074,0.061948660761117935
ambiguity_multitask,poor_audio_quality_flagged,30,0.3135353535353535,0.19333333333333333,0.05341428145766258
ambiguity_multitask,no_speech_clear,286,0.40672810465455844,0.17132867132867133,0.06186852976679802
ambiguity_multitask,no_speech_flagged,14,0.32,0.14285714285714285,0.04529772326350212
ambiguity_multitask,difficult_to_understand_clear,251,0.39555964688150286,0.15856573705179283,0.059801727533340454
ambiguity_multitask,difficult_to_understand_flagged,49,0.41542857142857137,0.22857142857142856,0.06772107630968094
ambiguity_multitask,natural_pause_clear,191,0.43216200919502457,0.18848167539267016,0.07078549265861511
ambiguity_multitask,natural_pause_flagged,109,0.2616883116883117,0.13761467889908258,0.04411502555012703
ambiguity_multitask,music_clear,296,0.4080789198282188,0.17229729729729729,0.061711929738521576
ambiguity_multitask,music_flagged,4,0.0,0.0,0.015459122136235237
