model,coverage,hamming_risk
hard,0.1,0.013333333333333334
hard,0.2,0.03666666666666667
hard,0.30000000000000004,0.04395604395604396
hard,0.4,0.05333333333333334
hard,0.5,0.06666666666666668
hard,0.6,0.07555555555555556
hard,0.7000000000000001,0.0834123222748815
hard,0.8,0.0925
hard,0.9,0.09925925925925926
hard,1.0,0.10666666666666665
soft,0.1,0.020000000000000004
soft,0.2,0.02666666666666667
soft,0.30000000000000004,0.03736263736263736
soft,0.4,0.05333333333333334
soft,0.5,0.06533333333333334
soft,0.6,0.07222222222222222
soft,0.7000000000000001,0.08625592417061612
soft,0.8,0.09083333333333335
soft,0.9,0.0962962962962963
soft,1.0,0.106
calibrated,0.1,0.020000000000000004
calibrated,0.2,0.02666666666666667
calibrated,0.30000000000000004,0.03736263736263737
calibrated,0.4,0.05333333333333334
calibrated,0.5,0.06533333333333334
calibrated,0.6,0.07222222222222222
calibrated,0.7000000000000001,0.08625592417061612
calibrated,0.8,0.09166666666666666
calibrated,0.9,0.09555555555555556
calibrated,1.0,0.10533333333333333
